{
    "issue_type": {
        "0": {
            "precision": 0.9117647058823529,
            "recall": 0.96875,
            "f1-score": 0.9393939393939394,
            "support": 32.0
        },
        "1": {
            "precision": 0.9411764705882353,
            "recall": 0.9142857142857143,
            "f1-score": 0.927536231884058,
            "support": 35.0
        },
        "2": {
            "precision": 0.9230769230769231,
            "recall": 0.9230769230769231,
            "f1-score": 0.9230769230769231,
            "support": 26.0
        },
        "3": {
            "precision": 0.96,
            "recall": 0.8888888888888888,
            "f1-score": 0.9230769230769231,
            "support": 27.0
        },
        "4": {
            "precision": 0.6206896551724138,
            "recall": 0.9,
            "f1-score": 0.7346938775510204,
            "support": 20.0
        },
        "5": {
            "precision": 0.9047619047619048,
            "recall": 0.8636363636363636,
            "f1-score": 0.8837209302325582,
            "support": 22.0
        },
        "6": {
            "precision": 0.0,
            "recall": 0.0,
            "f1-score": 0.0,
            "support": 17.0
        },
        "7": {
            "precision": 0.875,
            "recall": 1.0,
            "f1-score": 0.9333333333333333,
            "support": 21.0
        },
        "accuracy": 0.845,
        "macro avg": {
            "precision": 0.7670587074352287,
            "recall": 0.8073297362359863,
            "f1-score": 0.7831040198185945,
            "support": 200.0
        },
        "weighted avg": {
            "precision": 0.8136560103351685,
            "recall": 0.845,
            "f1-score": 0.8259159455788085,
            "support": 200.0
        }
    },
    "urgency_level": {
        "0": {
            "precision": 0.32967032967032966,
            "recall": 0.44776119402985076,
            "f1-score": 0.379746835443038,
            "support": 67.0
        },
        "1": {
            "precision": 0.30303030303030304,
            "recall": 0.15625,
            "f1-score": 0.20618556701030927,
            "support": 64.0
        },
        "2": {
            "precision": 0.2923076923076923,
            "recall": 0.3114754098360656,
            "f1-score": 0.30158730158730157,
            "support": 61.0
        },
        "3": {
            "precision": 0.0,
            "recall": 0.0,
            "f1-score": 0.0,
            "support": 8.0
        },
        "accuracy": 0.295,
        "macro avg": {
            "precision": 0.23125208125208124,
            "recall": 0.22887165096647907,
            "f1-score": 0.2218799260101622,
            "support": 200.0
        },
        "weighted avg": {
            "precision": 0.29656310356310356,
            "recall": 0.295,
            "f1-score": 0.28517869830084364,
            "support": 200.0
        }
    },
    "issue_type_accuracy": 0.845,
    "urgency_accuracy": 0.295
}